id;event;description;event_date;notes
1;persecute;humidity gadzooks whose;2025-05-06;../fake-data/blob/hipster.txt
2;before;granular;2025-05-05;../fake-data/blob/hipster.txt
3;strict sate;supposing midst;2025-05-05;../fake-data/blob/hipster.txt
4;meanwhile given;barring;2025-05-05;../fake-data/blob/hipster.txt
5;atop blissfully hard-to-find;winged;2025-05-06;../fake-data/blob/hipster.txt
6;hoick;stock once;2025-05-05;../fake-data/blob/hipster.txt
7;trial especially french;spectacles ick;2025-05-05;../fake-data/blob/hipster.txt
8;into huzzah;offensively;2025-05-05;../fake-data/blob/hipster.txt
9;continually;but;2025-05-06;../fake-data/blob/hipster.txt
10;unzip through;hoof ah;2025-05-05;../fake-data/blob/hipster.txt
